id,name,email,created_at
1366313,Edgar,Edgar@example.com,2023-11-11 00:02:54.414000 UTC
1381713,Jonathan,Jonathan@example.com,2023-11-11 00:02:55.537000 UTC
1371637,Brett,Brett@example.com,2023-11-11 00:02:55.206000 UTC
11802,Joel,Joel@example.com,2023-07-19 16:42:38.613000 UTC
1114460,Felipe,Felipe@example.com,2023-10-17 20:45:07.490000 UTC
1374929,Salome,Salome@example.com,2023-11-11 00:02:55.195000 UTC
1383733,Laura,Laura@example.com,2023-11-11 00:02:56.159000 UTC
1371878,Fernando,Fernando@example.com,2023-11-11 00:02:55.320000 UTC
1374352,Sonia,Sonia@example.com,2023-11-11 00:02:54.516000 UTC
1377489,Bobby,Bobby@example.com,2023-11-11 00:02:55.425000 UTC
1366369,Eva Erlinda,Eva Erlinda@example.com,2023-11-11 00:02:54.460000 UTC
1369788,Charlie,Charlie@example.com,2023-11-11 00:02:55.313000 UTC
1384325,Catherine,Catherine@example.com,2023-11-11 00:02:56.113000 UTC
30751,Melissa,Melissa@example.com,2023-07-19 16:59:15.409000 UTC
1384088,April,April@example.com,2023-11-11 00:02:56.715000 UTC
1367216,David,David@example.com,2023-11-11 00:02:54.673000 UTC
1383831,Maria,Maria@example.com,2023-11-11 00:02:56.441000 UTC
1368701,Le,Le@example.com,2023-11-11 00:02:54.168000 UTC
1378957,Terrell,Terrell@example.com,2023-11-11 00:02:54.848000 UTC
1380581,Jesus,Jesus@example.com,2023-11-11 00:02:55.404000 UTC
11917691908,viorel,viorel@example.com,2024-04-12 21:39:36.249000 UTC
73601,Aloware Contact,Aloware Contact@example.com,2023-07-19 19:35:07.196000 UTC
307601,Damari,Damari@example.com,2023-07-27 05:52:33.139000 UTC
39053,Keith,Keith@example.com,2023-07-19 17:05:49.347000 UTC
1381342,Olga,Olga@example.com,2023-11-11 00:02:55.961000 UTC
276351,Memo,Memo@example.com,2023-07-26 16:08:02.874000 UTC
73001,Lenson,Lenson@example.com,2023-07-19 19:28:49.034000 UTC
1378659,Jocelyn,Jocelyn@example.com,2023-11-11 00:02:54.943000 UTC
1384817,Ieda,Ieda@example.com,2023-11-11 00:02:56.043000 UTC
1381510,Lorenzo,Lorenzo@example.com,2023-11-11 00:02:55.536000 UTC
1385117,MacAnthony,MacAnthony@example.com,2023-11-11 00:02:56.053000 UTC
58901,Sohrab,Sohrab@example.com,2023-07-19 17:50:22.211000 UTC
315601,Luke,Luke@example.com,2023-07-27 19:15:33.622000 UTC
280651,Elsa,Elsa@example.com,2023-07-26 17:48:51.971000 UTC
46101,Bill,Bill@example.com,2023-07-19 17:10:21.532000 UTC
1368504,Norma,Norma@example.com,2023-11-11 00:02:54.316000 UTC
1368295,Oswaldo,Oswaldo@example.com,2023-11-11 00:02:55.242000 UTC
1382268,Anthony,Anthony@example.com,2023-11-11 00:02:55.645000 UTC
25101,Afa,Afa@example.com,2023-07-19 16:53:36.382000 UTC
1385225,Filippo,Filippo@example.com,2023-11-11 00:02:56.724000 UTC
1366344,Alma,Alma@example.com,2023-11-11 00:02:55.279000 UTC
1372201,Victoria,Victoria@example.com,2023-11-11 00:02:54.174000 UTC
188251,Temeshia,Temeshia@example.com,2023-07-22 20:53:47.357000 UTC
1376683,Brian,Brian@example.com,2023-11-11 00:02:55.357000 UTC
1383865,Eric,Eric@example.com,2023-11-11 00:02:55.975000 UTC
1371312,Aiejandro,Aiejandro@example.com,2023-11-11 00:02:54.996000 UTC
1381523,Arnold,Arnold@example.com,2023-11-11 00:02:55.728000 UTC
1377773,Maria,Maria@example.com,2023-11-11 00:02:55.292000 UTC
6708223296,Aloware Contact,Aloware Contact@example.com,2024-03-26 15:27:31.713000 UTC
1380455,Lynette,Lynette@example.com,2023-11-11 00:02:54.752000 UTC
1382993,Jose,Jose@example.com,2023-11-11 00:02:56.442000 UTC
1386801,Jorge,Jorge@example.com,2023-11-11 00:02:56.582000 UTC
5063802,Richard,Richard@example.com,2024-03-10 02:59:10.785000 UTC
1369852,Levi,Levi@example.com,2023-11-11 00:02:54.305000 UTC
1367883,Jose,Jose@example.com,2023-11-11 00:02:55.195000 UTC
99151,Faleaka,Faleaka@example.com,2023-07-20 00:42:24.194000 UTC
1375361,Jorge,Jorge@example.com,2023-11-11 00:02:55.040000 UTC
5026251,Joanna,Joanna@example.com,2024-03-09 04:16:51.844000 UTC
1366651,Daineashia,Daineashia@example.com,2023-11-11 00:02:54.163000 UTC
1369874,Cricelia,Cricelia@example.com,2023-11-11 00:02:55.145000 UTC
1369206,Yolanda,Yolanda@example.com,2023-11-11 00:02:54.322000 UTC
1382373,Juan,Juan@example.com,2023-11-11 00:02:55.956000 UTC
3266551,Aloware Contact,Aloware Contact@example.com,2024-01-23 20:22:55.437000 UTC
10252,Manuel,Manuel@example.com,2023-07-19 16:42:03.028000 UTC
3920651,Aloware Contact,Aloware Contact@example.com,2024-02-08 02:41:48.455000 UTC
82551879298,Efrain Ayon,Efrain Ayon@example.com,2024-12-05 21:49:58.222000 UTC
272901,Aloware Contact,Aloware Contact@example.com,2023-07-26 02:48:12.474000 UTC
264101,Aloware Contact,Aloware Contact@example.com,2023-07-25 22:29:59.657000 UTC
5094401,Nathan,Nathan@example.com,2024-03-11 02:03:58.251000 UTC
76451,Raul,Raul@example.com,2023-07-19 19:53:34.358000 UTC
43251,Ricardo,Ricardo@example.com,2023-07-19 17:08:31.880000 UTC
11951,Ruvim,Ruvim@example.com,2023-07-19 16:42:47.325000 UTC
50402,Adolpho,Adolpho@example.com,2023-07-19 17:13:26.350000 UTC
238301,Yorlene,Yorlene@example.com,2023-07-25 01:29:09.990000 UTC
2999351,Aloware Contact,Aloware Contact@example.com,2024-01-16 18:34:24.908000 UTC
1385679,Maribel,Maribel@example.com,2023-11-11 00:02:56.714000 UTC
1385719,Jesus,Jesus@example.com,2023-11-11 00:02:56.598000 UTC
1381845,Araceli,Araceli@example.com,2023-11-11 00:02:56.138000 UTC
319301,Manuel,Manuel@example.com,2023-07-27 20:34:41.983000 UTC
50453,Maria,Maria@example.com,2023-07-19 17:13:49.713000 UTC
1377496,Jose,Jose@example.com,2023-11-11 00:02:55.529000 UTC
1386011,Oleksandr,Oleksandr@example.com,2023-11-11 00:02:56.370000 UTC
192351,Aloware Contact,Aloware Contact@example.com,2023-07-23 01:42:26.510000 UTC
103001,Abigail,Abigail@example.com,2023-07-20 02:00:56.472000 UTC
253251,Aloware Contact,Aloware Contact@example.com,2023-07-25 19:13:15.089000 UTC
74451,paola,paola@example.com,2023-07-19 19:40:56.694000 UTC
1368493,Salvador,Salvador@example.com,2023-11-11 00:02:55.241000 UTC
34852,Michael,Michael@example.com,2023-07-19 17:01:49.802000 UTC
944801,Jaime,Jaime@example.com,2023-09-30 02:22:48.082000 UTC
1383359,Alejandro,Alejandro@example.com,2023-11-11 00:02:55.717000 UTC
48625171259,Shalvette Payne,Shalvette Payne@example.com,2024-08-15 05:06:46.723000 UTC
1378716,Tiffany,Tiffany@example.com,2023-11-11 00:02:55.028000 UTC
5156851,Aloware Contact,Aloware Contact@example.com,2024-03-13 00:01:31.834000 UTC
10998756376,Aloware Contact,Aloware Contact@example.com,2024-04-09 22:55:47.727000 UTC
1382929,Arturo,Arturo@example.com,2023-11-11 00:02:56.159000 UTC
1385253,Mercy,Mercy@example.com,2023-11-11 00:02:55.922000 UTC
1385601,Anthony,Anthony@example.com,2023-11-11 00:02:56.002000 UTC
132551,Ashley,Ashley@example.com,2023-07-20 21:36:05.946000 UTC
1367829,Sabrina,Sabrina@example.com,2023-11-11 00:02:55.030000 UTC
272601,Liliana,Liliana@example.com,2023-07-26 02:20:29.987000 UTC
227401,Carlos,Carlos@example.com,2023-07-24 20:31:34.285000 UTC
46452,Aloware Contact,Aloware Contact@example.com,2023-07-19 17:11:11.897000 UTC
1374867,Marina,Marina@example.com,2023-11-11 00:02:55.004000 UTC
109301,Connie,Connie@example.com,2023-07-20 16:44:48.678000 UTC
1381940,Derek,Derek@example.com,2023-11-11 00:02:56.408000 UTC
352651,Miguel,Miguel@example.com,2023-07-28 22:18:10.881000 UTC
1384437,Edwin,Edwin@example.com,2023-11-11 00:02:56.622000 UTC
1378392,Miguel,Miguel@example.com,2023-11-11 00:02:55.681000 UTC
1374370,Katia,Katia@example.com,2023-11-11 00:02:54.987000 UTC
48452,Aloware Contact,Aloware Contact@example.com,2023-07-19 17:12:21.586000 UTC
11351,David,David@example.com,2023-07-19 16:42:23.340000 UTC
253301,Aloware Contact,Aloware Contact@example.com,2023-07-25 19:14:33.903000 UTC
40653,John,John@example.com,2023-07-19 17:06:51.383000 UTC
1376658,Juana,Juana@example.com,2023-11-11 00:02:54.805000 UTC
1383860,Javier,Javier@example.com,2023-07-19 17:10:07.294000 UTC
1384138,Shea,Shea@example.com,2023-11-11 00:02:56.427000 UTC
41801,Luis,Luis@example.com,2023-07-19 17:07:27.075000 UTC
2345951,Yvónne,Yvónne@example.com,2023-12-22 16:28:08.000000 UTC
1385683,Oscar,Oscar@example.com,2023-11-11 00:02:56.930000 UTC
1370365,Juan,Juan@example.com,2023-11-11 00:02:55.069000 UTC
288801,Aloware Contact,Aloware Contact@example.com,2023-07-26 20:15:04.275000 UTC
1385276,Ana,Ana@example.com,2023-11-11 00:02:56.632000 UTC
342851,Rasheeda,Rasheeda@example.com,2023-07-28 14:18:34.182000 UTC
77451,Aloware Contact,Aloware Contact@example.com,2023-07-19 20:06:17.781000 UTC
1366456,Shean,Shean@example.com,2023-11-11 00:02:54.334000 UTC
1380953,Anahi,Anahi@example.com,2023-11-11 00:02:54.741000 UTC
1369237,Joel,Joel@example.com,2023-11-11 00:02:55.204000 UTC
32504,Pardeep,Pardeep@example.com,2023-07-19 17:00:44.977000 UTC
1371985,Carmen,Carmen@example.com,2023-11-11 00:02:55.247000 UTC
146501,Cristina,Cristina@example.com,2023-07-21 00:40:57.877000 UTC
1385021,Dora,Dora@example.com,2023-11-11 00:02:56.156000 UTC
5096151,Carlo,Carlo@example.com,2024-03-11 02:17:40.904000 UTC
1373705,Jessica,Jessica@example.com,2023-11-11 00:02:54.478000 UTC
1378670,Carmen,Carmen@example.com,2023-11-11 00:02:55.201000 UTC
1382340,Chris,Chris@example.com,2023-11-11 00:02:56.159000 UTC
5050351,Adrian,Adrian@example.com,2024-03-09 23:20:14.073000 UTC
1382325,Eric,Eric@example.com,2023-11-11 00:02:55.869000 UTC
91001,Elena,Elena@example.com,2023-07-19 22:47:27.447000 UTC
1374151,Maria,Maria@example.com,2023-11-11 00:02:54.219000 UTC
5066001,Consuelo,Consuelo@example.com,2024-03-10 03:26:26.553000 UTC
3514851,Aloware Contact,Aloware Contact@example.com,2024-01-29 23:49:09.814000 UTC
1383719,Jason,Jason@example.com,2023-11-11 00:02:55.847000 UTC
5058001,Kevin,Kevin@example.com,2024-03-10 01:30:54.290000 UTC
1380016,Sergio,Sergio@example.com,2023-11-11 00:02:55.290000 UTC
125801,lindsay,lindsay@example.com,2023-07-20 20:27:08.464000 UTC
1386962,Bernardo,Bernardo@example.com,2023-11-11 00:02:56.994000 UTC
1385514,Antonio,Antonio@example.com,2023-11-11 00:02:56.541000 UTC
4725401,Aloware Contact,Aloware Contact@example.com,2024-03-01 20:03:42.479000 UTC
5096651,Nagif,Nagif@example.com,2024-03-11 02:18:30.577000 UTC
1371202,Damien,Damien@example.com,2023-11-11 00:02:54.262000 UTC
31452,Kirsten,Kirsten@example.com,2023-07-19 17:00:01.478000 UTC
1384518,Pedro,Pedro@example.com,2023-11-11 00:02:56.154000 UTC
1382416,William,William@example.com,2023-11-11 00:02:55.748000 UTC
322251,Rafael,Rafael@example.com,2023-07-27 21:16:44.969000 UTC
1374869,Bryant,Bryant@example.com,2023-11-11 00:02:55.047000 UTC
1368285,Jonathan,Jonathan@example.com,2023-11-11 00:02:55.112000 UTC
1386566,Heliodoro,Heliodoro@example.com,2023-11-11 00:02:56.837000 UTC
1371555,Jose,Jose@example.com,2023-11-11 00:02:54.454000 UTC
1381399,Valerie,Valerie@example.com,2023-11-11 00:02:56.019000 UTC
1371346,Alfred,Alfred@example.com,2023-11-11 00:02:55.456000 UTC
1383799,Maria Candelaria,Maria Candelaria@example.com,2023-11-11 00:02:56.597000 UTC
1386556,Chalea,Chalea@example.com,2023-11-11 00:02:56.626000 UTC
64751,Ruben,Ruben@example.com,2023-07-19 18:49:30.251000 UTC
100251,Cesar,Cesar@example.com,2023-07-20 01:04:12.424000 UTC
1368289,Juan,Juan@example.com,2023-11-11 00:02:55.181000 UTC
1387952,Dennis,Dennis@example.com,2023-11-11 00:02:56.981000 UTC
232301,Almita Kruzz,Almita Kruzz@example.com,2023-07-24 23:11:38.916000 UTC
158701,Sandra,Sandra@example.com,2023-07-21 18:47:16.152000 UTC
1369604,Joel,Joel@example.com,2023-11-11 00:02:54.282000 UTC
1371493,Kimberly,Kimberly@example.com,2023-11-11 00:02:55.539000 UTC
1384933,Jessica,Jessica@example.com,2023-11-11 00:02:56.519000 UTC
223501,Robt,Robt@example.com,2023-07-24 19:18:20.564000 UTC
11402,Vincent,Vincent@example.com,2023-07-19 16:42:48.937000 UTC
1369876,Alvaro,Alvaro@example.com,2023-11-11 00:02:55.172000 UTC
1380823,Kevin,Kevin@example.com,2023-11-11 00:02:55.403000 UTC
3038401,Aloware Contact,Aloware Contact@example.com,2024-01-17 21:35:16.543000 UTC
1384260,Gilberto,Gilberto@example.com,2023-11-11 00:02:55.777000 UTC
1372476,Sergio,Sergio@example.com,2023-11-11 00:02:54.980000 UTC
8001,Eric,Eric@example.com,2023-07-19 16:40:10.256000 UTC
1371961,Alberto,Alberto@example.com,2023-11-11 00:02:54.607000 UTC
196601,Carmen,Carmen@example.com,2023-07-23 17:04:25.984000 UTC
76201,Graciela,Graciela@example.com,2023-07-19 19:51:25.269000 UTC
1385221,Yuri,Yuri@example.com,2023-11-11 00:02:56.595000 UTC
1378915,Shawn,Shawn@example.com,2023-11-11 00:02:55.190000 UTC
1386212,Shawn,Shawn@example.com,2023-11-11 00:02:56.593000 UTC
1372987,Gabriel,Gabriel@example.com,2023-11-11 00:02:55.336000 UTC
25405752581,Chewpa,Chewpa@example.com,2024-05-29 16:46:11.093000 UTC
1381406,Acquell,Acquell@example.com,2023-11-11 00:02:55.394000 UTC
1387303,Debra,Debra@example.com,2023-11-11 00:02:56.790000 UTC
159151,Robert,Robert@example.com,2023-07-21 18:55:17.288000 UTC
265201,Magdalena,Magdalena@example.com,2023-07-25 22:48:04.584000 UTC
1370740,Maria,Maria@example.com,2023-11-11 00:02:55.285000 UTC
1367107,Perfecto,Perfecto@example.com,2023-11-11 00:02:54.319000 UTC
211101,Armando,Armando@example.com,2023-07-24 01:30:49.127000 UTC
311351,Angelica,Angelica@example.com,2023-07-27 17:20:08.479000 UTC
31551,Jessica,Jessica@example.com,2023-07-19 16:59:47.399000 UTC
169351,Adriana,Adriana@example.com,2023-07-21 22:56:36.280000 UTC
1383402,Sandra,Sandra@example.com,2023-11-11 00:02:55.569000 UTC
24352,Pris,Pris@example.com,2023-07-19 16:53:24.758000 UTC
1370930,Chitra,Chitra@example.com,2023-11-11 00:02:55.167000 UTC
